item_id,eo_number,words_original,words_masked,P.L. [PL],President [PRESIDENT],Pub. L. [PL],Public Law [PL],[CONGRESS],[DATE],[EO-x],[FR],[PRESIDENT],[PROC-x],[STAT],[YEAR-range],[YEAR],[header removed],[signature/date/filing line removed]
item-001,13542,553,543,0,0,0,0,0,1,1,0,0,0,0,0,2,0,3
item-002,14230,1109,1098,0,0,0,0,0,1,1,0,0,0,0,0,3,0,3
item-003,11810,464,437,0,0,0,0,0,9,4,0,0,2,0,0,2,0,3
item-004,14069,390,378,0,0,0,0,0,1,1,0,0,0,0,0,0,0,3
item-005,9654,107,88,0,0,0,0,0,3,0,0,0,0,2,0,0,0,3
item-006,12839,263,254,0,0,0,0,0,0,0,0,0,0,0,0,3,0,3
item-007,9969,456,435,0,0,0,0,0,4,0,0,0,0,2,0,0,0,3
item-008,9595,632,619,0,0,0,0,0,0,0,0,0,0,2,0,1,0,3
item-009,10423,66,53,0,0,0,0,0,1,0,0,0,0,1,0,0,0,3
item-010,12145,1062,1025,0,0,0,12,0,7,2,0,0,0,1,0,12,0,4
item-011,8981,658,646,0,0,0,0,0,2,0,0,0,0,0,0,0,0,3
item-012,9246,474,463,0,0,0,0,0,1,0,0,0,0,0,0,2,0,3
item-013,12312,177,154,0,0,0,0,0,1,1,0,0,0,0,0,0,0,4
item-014,10507,983,960,0,0,0,0,0,6,7,0,0,0,1,0,0,0,3
item-015,14201,1157,1142,0,0,0,0,0,2,1,1,0,0,0,0,5,0,3
item-016,11183,570,556,0,0,0,0,0,2,0,0,0,0,1,0,0,0,3
item-017,10821,498,485,0,0,0,0,0,1,1,0,0,0,1,0,1,0,3
item-018,9111,70,57,0,0,0,0,0,2,2,0,0,0,0,0,0,0,3
item-019,12708,2023,2001,0,0,0,0,0,7,4,0,0,0,0,0,5,0,3
item-020,10426,497,476,0,0,0,0,0,5,2,1,0,0,0,0,1,0,3
item-021,13650,2010,2002,0,0,0,0,0,0,0,0,0,0,0,0,0,0,3
item-022,10621,1484,1397,0,0,0,0,0,19,0,0,0,0,20,0,2,0,3
item-023,14079,863,851,0,0,0,0,0,1,1,0,0,0,0,0,1,0,3
item-024,11453,436,428,0,0,0,0,0,0,0,0,0,0,0,0,0,0,3
item-025,8595,273,250,0,0,0,0,0,6,1,0,0,0,1,0,3,0,3
item-026,12812,269,265,0,0,0,0,0,1,1,0,0,0,0,0,0,0,1
item-027,9052,60,49,0,0,0,0,0,0,0,0,0,0,1,0,0,0,3
item-028,12051,78,76,0,0,0,0,0,0,0,0,0,0,1,0,1,0,
item-029,12539,98,77,0,0,0,0,0,0,1,0,0,0,0,0,0,0,4
item-030,9421,79,62,0,0,0,0,0,2,0,0,0,0,2,0,0,0,3
item-031,7651,375,356,0,0,0,0,0,3,0,0,0,0,2,0,0,0,3
item-032,14012,1595,1578,0,0,0,1,0,2,0,1,0,0,0,0,1,0,3
item-033,8457,278,251,0,0,0,0,0,6,1,0,0,0,3,0,1,0,3
item-034,9939,238,227,0,0,0,0,0,1,0,0,0,0,0,0,2,0,3
item-035,10340,1731,1716,0,0,0,0,0,3,1,0,0,0,0,0,4,0,3
item-036,14055,2200,2186,0,0,0,0,0,2,3,0,0,0,0,0,4,0,3
item-037,13056,99,77,0,0,0,0,0,0,1,0,0,0,0,0,0,0,4
item-038,14060,1332,1320,0,0,0,0,0,1,2,0,0,0,0,0,0,0,3
item-039,13861,1593,1584,0,0,0,0,0,0,0,0,0,0,0,0,0,0,3
item-040,14050,3036,3024,0,0,0,0,0,1,1,0,0,0,0,0,1,0,3
item-041,9639,1511,1498,0,0,0,0,0,0,0,0,0,0,2,0,1,0,3
item-042,12059,1106,1083,0,0,0,0,0,1,2,0,0,0,0,0,0,0,4
item-043,12638,208,183,0,0,0,0,0,2,0,0,0,0,0,0,0,0,4
item-044,11315,2084,2075,0,0,0,0,0,0,0,0,0,0,0,0,0,0,3
item-045,8287,120,103,0,0,0,0,0,3,1,0,0,0,1,0,0,0,3
item-046,13115,797,775,0,0,0,0,0,0,0,0,0,0,0,0,2,0,4
item-047,14279,1361,1352,0,0,0,0,0,0,0,0,0,0,0,0,5,0,3
item-048,12349,256,223,0,0,0,0,0,4,2,0,0,0,2,0,2,0,4
item-049,12132,267,246,0,0,0,0,0,0,0,0,0,0,0,0,0,0,4
item-050,10842,315,302,0,0,0,0,0,1,0,0,0,0,1,0,1,0,3
item-051,10010,1438,1429,0,0,0,0,0,0,0,0,0,0,0,0,0,0,3
item-052,8897,121,106,0,0,0,0,0,2,0,0,0,0,1,0,0,0,3
item-053,11832,980,969,0,0,0,0,0,1,0,0,0,1,0,0,5,0,3
item-054,11950,423,396,0,0,0,0,0,10,0,0,0,0,2,0,3,0,3
item-055,14119,2401,2385,0,0,0,0,0,3,3,0,0,0,0,0,0,0,3
item-056,10969,230,221,0,0,0,0,0,0,0,0,0,0,0,0,0,0,3
item-057,11404,343,341,0,0,0,0,0,1,0,0,0,1,0,0,0,0,
item-058,9476,576,570,0,0,0,0,0,1,0,0,0,0,2,0,1,0,
item-059,8609,118,103,0,0,0,0,0,2,0,0,0,0,1,0,0,0,3
item-060,12340,2760,2729,0,0,0,0,0,5,7,0,0,0,0,0,2,0,4
item-061,14271,938,929,0,0,0,1,0,0,0,0,0,0,0,0,1,0,3
item-062,12202,967,942,0,0,0,0,0,2,0,0,0,0,0,0,0,0,4
item-063,10945,561,536,0,0,0,0,0,7,6,0,0,1,1,0,6,0,3
item-064,10163,555,546,0,0,0,0,0,0,0,0,0,0,0,0,0,0,3
item-065,12735,1532,1524,0,0,0,0,0,0,1,0,0,0,0,0,2,0,3
item-066,11172,406,390,0,0,0,0,0,2,0,0,0,0,2,0,0,0,3
item-067,11645,143,135,0,0,0,0,0,0,0,0,0,0,0,0,0,0,3
item-068,10324,299,288,0,0,0,0,0,1,2,0,0,0,0,0,2,0,3
item-069,14249,2307,2298,0,0,0,0,0,0,0,0,0,0,0,0,3,0,3
item-070,9318,110,95,0,0,0,0,0,2,0,0,0,0,1,0,0,0,3
item-071,13411,939,926,0,0,0,0,0,2,0,0,0,0,0,0,0,0,3
item-072,9033,118,103,0,0,0,0,0,2,0,0,0,0,1,0,0,0,3
item-073,12083,527,505,0,0,0,0,0,0,1,0,0,0,0,0,0,0,4
item-074,10352,209,188,0,0,0,0,0,4,2,0,0,0,2,0,0,0,3
item-075,10527,207,186,0,0,0,0,0,2,0,0,0,0,4,0,2,0,3
item-076,13408,98,79,0,0,0,0,0,5,3,0,0,0,0,0,0,0,3
item-077,9891,239,230,0,0,0,0,0,0,0,0,0,0,0,0,0,0,3
item-078,10321,170,154,0,0,0,0,1,0,0,0,0,0,3,0,1,0,3
item-079,12334,544,536,0,0,0,0,0,0,0,0,0,0,0,0,0,0,3
item-080,10252,74,63,0,0,0,0,0,1,0,0,0,0,0,0,0,0,3
item-081,14267,804,791,0,0,0,0,0,2,2,0,0,0,0,0,0,0,3
item-082,13519,1061,1051,0,0,0,0,0,1,2,0,0,0,0,0,0,0,3
item-083,10311,163,154,0,0,0,0,0,0,0,0,0,0,0,0,2,0,3
item-084,12504,165,144,0,0,0,0,0,0,1,0,0,0,0,0,1,0,4
item-085,14197,702,673,0,0,0,0,0,10,0,0,0,0,0,0,1,0,3
item-086,10483,748,735,0,0,0,0,0,1,0,0,0,0,1,0,0,0,3
item-087,9341,677,668,0,0,0,0,0,0,0,0,0,0,0,0,0,0,3
item-088,14095,4151,4135,0,0,0,5,0,5,0,0,0,0,0,0,9,0,3
item-089,11226,349,338,0,0,0,0,0,1,2,0,0,0,0,0,0,0,3
item-090,10535,206,191,0,0,0,0,0,2,4,0,0,0,1,0,0,0,3
item-091,14065,1600,1575,0,0,0,0,0,6,9,0,1,1,0,0,1,0,3
item-092,12702,79,71,0,0,0,0,0,0,0,0,0,0,0,0,1,0,3
item-093,14273,1721,1712,0,0,0,0,0,0,0,0,0,0,0,0,8,0,3
item-094,10555,176,167,0,0,0,0,0,0,0,0,0,0,0,0,0,0,3
item-095,11350,2198,2165,0,0,0,0,0,11,11,0,0,0,1,0,0,0,3
item-096,7929,120,105,0,0,0,0,0,2,0,0,0,0,1,0,0,0,3
item-097,13397,745,736,0,0,0,0,0,0,0,0,0,0,0,0,0,0,3
item-098,11063,1929,1916,0,0,0,0,0,1,0,0,0,0,1,0,1,0,3
item-099,10517,178,163,0,0,0,0,0,2,0,0,0,0,1,0,1,0,3
item-100,10202,4050,4019,0,0,0,0,0,10,5,0,0,0,1,0,3,0,3
item-101,14363,2011,2000,0,0,0,0,0,1,0,0,0,0,0,0,0,0,3
item-102,13774,568,559,0,0,0,0,0,0,0,0,0,0,0,0,0,0,3
item-103,8808,120,107,0,0,0,0,0,2,0,0,0,0,0,0,0,0,3
item-104,9505,503,488,0,0,0,0,0,1,0,0,0,0,2,0,1,0,3
item-105,13010,1587,1565,0,0,0,0,0,0,0,0,0,0,0,0,0,0,4
item-106,10464,250,235,0,0,0,0,0,3,0,0,0,0,0,0,0,0,3
item-107,12525,380,351,0,0,0,1,0,4,5,0,0,0,0,0,1,0,4
item-108,9484,655,636,0,0,0,0,0,3,0,0,0,0,2,0,1,0,3
item-109,11982,144,119,0,0,0,0,0,2,1,0,0,0,0,0,0,0,4
item-110,12281,724,695,0,0,0,0,0,4,2,0,0,0,0,0,0,0,4
item-111,9608,654,635,0,0,0,0,0,5,5,0,0,0,0,0,1,0,3
item-112,14120,2176,2162,0,0,0,2,0,2,1,0,0,0,0,0,3,0,3
item-113,12342,66,45,0,0,0,0,0,0,1,0,0,0,0,0,0,0,4
item-114,9188,98,87,0,0,0,0,0,1,0,0,0,0,0,0,2,0,3
item-115,12318,690,672,0,0,0,1,0,6,5,0,0,0,3,0,6,0,
item-116,9001,1446,1425,0,0,0,0,0,3,0,0,0,0,3,0,1,0,3
item-117,11809,244,235,0,0,0,0,0,0,0,0,0,0,0,0,0,0,3
item-118,11527,999,967,0,0,0,0,0,11,11,0,0,0,1,0,1,0,3
item-119,11615,1074,1056,1,0,0,0,0,3,0,0,0,0,2,0,3,0,3
item-120,10298,264,249,0,0,0,0,0,3,1,0,0,0,0,0,3,0,3
item-121,12088,1170,1143,0,0,0,0,0,3,1,0,0,0,0,0,5,0,4
item-122,14361,953,936,0,0,0,0,0,4,10,0,0,0,0,0,1,0,3
item-123,11490,17112,17042,0,0,0,0,0,30,39,0,0,0,1,0,18,0,3
item-124,12662,490,467,0,0,0,1,0,0,0,0,0,0,1,0,3,0,4
item-125,12771,360,334,0,0,0,0,0,2,5,0,1,0,0,0,0,0,4
item-126,13256,1241,1217,0,0,0,0,0,1,1,0,0,0,0,0,0,0,4
item-127,9247,645,634,0,0,0,0,0,1,1,0,0,0,0,0,1,0,3
item-128,14133,309,291,0,0,0,0,0,4,2,0,0,0,0,0,0,0,3
item-129,8736,230,215,0,0,0,0,0,2,1,0,0,0,1,0,0,0,3
item-130,12279,753,722,0,0,0,0,0,5,2,0,0,0,0,0,0,0,4
item-131,9734,195,184,0,0,0,0,0,1,0,0,0,0,0,0,0,0,3
item-132,12006,121,96,0,0,0,0,0,2,0,0,0,0,0,0,0,0,4
item-133,10286,251,242,0,0,0,0,0,0,0,0,0,0,0,0,1,0,3
item-134,10722,257,242,0,0,0,0,0,2,1,0,0,0,1,0,0,0,3
item-135,12834,3002,2979,0,0,0,0,0,7,0,0,0,0,0,0,6,0,3
item-136,10493,257,238,0,0,0,0,0,3,3,0,0,0,2,0,5,0,3
item-137,11126,852,837,0,0,0,0,0,2,1,0,0,0,1,0,0,0,3
item-138,13148,6304,6243,0,0,0,2,0,23,15,2,0,0,0,0,11,0,3
item-139,13241,313,289,0,0,0,0,0,1,1,0,0,0,0,0,0,0,4
item-140,11403,491,487,0,0,0,0,0,2,0,0,0,1,0,0,0,0,
item-141,12331,560,539,0,0,0,0,0,0,0,0,0,0,0,0,0,0,4
item-142,10485,597,580,0,0,0,0,0,2,2,0,0,0,2,0,0,0,3
item-143,12888,8541,8511,0,0,1,0,0,13,6,0,1,0,1,0,90,0,
item-144,9577,375,348,0,0,0,0,0,8,7,0,0,0,1,0,1,0,3
item-145,9296,265,250,0,0,0,0,0,3,2,0,0,0,0,0,1,0,3
item-146,12544,240,216,0,0,0,0,0,1,1,0,1,0,0,0,0,0,4
item-147,13755,426,416,0,0,0,0,0,1,1,0,0,0,0,0,1,0,3
item-148,11336,363,350,0,0,0,0,0,2,0,0,0,0,0,0,1,0,3
item-149,9159,163,144,0,0,0,0,0,5,3,0,0,0,0,0,0,0,3
item-150,13169,819,810,0,0,0,0,0,0,0,0,0,0,0,0,1,0,3
item-151,9540,684,671,0,0,0,0,0,0,0,0,0,0,2,0,1,0,3
item-152,14140,1002,980,0,0,0,0,0,5,6,0,1,0,0,0,3,0,3
item-153,13949,1705,1686,0,0,0,1,0,4,5,0,1,2,0,0,2,0,3
item-154,14290,832,821,0,0,0,0,0,1,0,0,0,0,0,0,5,0,3
item-155,10550,355,334,0,0,0,0,0,3,1,0,0,0,3,0,1,0,3
item-156,10218,190,177,0,0,0,0,0,0,0,0,0,0,2,0,2,0,3
item-157,7946,277,262,0,0,0,0,0,2,1,0,0,0,1,0,7,0,3
item-158,13459,1098,1089,0,0,0,0,0,0,0,0,0,0,0,0,0,0,3
item-159,12160,1485,1463,0,0,0,0,0,1,1,0,0,0,0,0,0,0,4
item-160,14117,5551,5527,0,0,0,0,0,6,10,0,1,0,0,0,0,0,3
item-161,12691,405,395,0,0,0,0,0,1,0,0,0,0,0,0,0,0,3
item-162,12740,86,78,0,0,0,0,0,0,0,0,0,0,0,0,1,0,3
item-163,10319,254,245,0,0,0,0,0,0,0,0,0,0,0,0,1,0,3
item-164,12897,148,126,0,0,0,1,0,0,0,0,0,0,0,0,0,0,4
item-165,14187,1378,1367,0,0,0,0,0,1,0,0,0,0,0,0,1,0,3
item-166,9665,569,548,0,0,0,0,0,3,0,0,0,0,3,0,4,0,3
item-167,11072,688,667,0,0,0,0,0,3,0,0,0,0,3,0,0,0,3
item-168,14156,2434,2423,0,0,0,1,0,1,0,0,0,0,0,0,1,0,3
item-169,11346,71,60,0,0,0,0,0,1,1,0,0,0,0,0,0,0,3
item-170,8845,83,70,0,0,0,0,0,1,0,0,0,0,1,0,0,0,3
item-171,12867,379,360,0,0,0,1,0,5,7,0,0,0,0,0,2,0,3
item-172,12937,176,167,0,0,0,0,0,0,0,0,0,0,0,0,0,0,3
item-173,10488,121,108,0,0,0,0,0,0,0,0,0,0,2,0,2,0,3
item-174,8771,585,570,0,0,0,0,0,3,0,0,0,0,0,0,0,0,3
item-175,8596,203,180,0,0,0,0,0,4,1,0,0,0,3,0,0,0,3
item-176,14374,542,527,0,0,0,0,0,3,1,0,0,0,0,0,0,0,3
item-177,13441,1094,1083,0,0,0,0,0,0,0,0,1,0,0,0,0,0,3
item-178,13734,430,417,0,0,0,0,0,3,3,0,0,0,0,0,1,0,3
item-179,11260,245,230,0,0,0,1,0,2,1,0,0,0,1,0,0,0,3
item-180,9621,687,672,0,0,0,0,0,3,0,0,0,0,0,0,1,0,3
item-181,9787,226,211,0,0,0,0,0,3,3,0,0,0,0,0,0,0,3
item-182,13747,2455,2446,0,0,0,0,0,1,0,0,0,0,0,0,0,0,3
item-183,13218,1131,1108,0,0,0,0,0,2,4,0,0,0,0,0,0,0,3
item-184,12749,90,82,0,0,0,0,0,0,1,0,0,0,0,0,0,0,3
item-185,11465,196,179,0,0,0,0,1,2,0,0,0,0,2,0,5,0,3
item-186,12632,475,450,0,0,0,0,0,2,10,0,0,0,0,0,0,0,4
item-187,7479,106,91,0,0,0,0,0,3,1,0,0,0,0,0,0,0,3
item-188,14260,878,869,0,0,0,0,0,0,0,0,0,0,0,0,0,0,3
item-189,10651,803,790,0,0,0,0,0,0,0,0,0,0,2,0,5,0,3
item-190,12127,555,535,0,0,0,3,0,3,2,3,0,0,0,0,9,0,3
item-191,12928,798,772,0,0,0,0,0,2,0,0,0,0,0,0,1,0,4
item-192,10924,316,303,0,0,0,0,0,1,2,0,0,0,1,0,3,0,3
item-193,13334,334,313,0,0,0,0,0,1,0,0,0,0,0,0,0,0,3
item-194,14059,2480,2465,0,0,0,0,0,1,0,0,1,1,0,0,3,0,3
item-195,12154,290,269,0,0,0,0,0,0,1,0,0,0,0,0,0,0,4
item-196,12313,131,106,0,0,0,1,0,1,0,0,0,0,1,0,2,0,4
item-197,8623,376,355,0,0,0,0,0,4,0,0,0,0,2,0,0,0,3
item-198,11371,763,748,0,0,0,0,0,2,0,0,0,0,1,0,1,0,3
item-199,10299,159,149,0,0,0,0,0,1,0,0,0,0,0,0,1,0,3
item-200,9430,150,129,0,0,0,0,0,5,0,0,0,0,1,0,0,0,3
item-201,13153,1118,1109,0,0,0,3,0,0,0,0,0,0,0,0,4,0,3
item-202,14104,3120,3104,0,0,0,0,0,3,1,0,0,0,0,0,3,0,3
item-203,8944,565,554,0,0,0,0,0,0,0,0,0,0,1,0,0,0,3
item-204,11098,2051,2016,0,0,0,0,0,12,12,0,0,0,1,0,0,0,3
item-205,13242,327,302,0,0,0,0,0,3,3,0,0,0,0,0,0,0,3
item-206,9771,429,411,0,0,0,0,0,2,1,0,0,0,3,0,2,0,3
item-207,13093,97,75,0,0,0,0,0,0,2,0,0,0,0,0,0,0,4
item-208,13513,1049,1041,0,0,0,0,0,0,0,0,0,0,0,0,4,0,3
item-209,10469,297,276,0,0,0,0,0,5,3,0,0,0,1,0,0,0,3
item-210,8479,353,328,0,0,0,0,0,6,3,0,0,0,2,0,1,0,3
