item_id,f1_status,f1_note,f2_status,f2_note,f3_status,f3_note,f4_status,f4_note,f5_status,f5_note,f6_status,f6_note,f7_status,f7_note,f8_status,f8_note,f9_status,f9_note,f10_status,f10_note,f11_status,f11_note,f5_zombie_emergency_trap,minutes_spent,AFTER_CODING_guess_decade,AFTER_CODING_guess_president,AFTER_CODING_recognized_order_Y_N,AFTER_CODING_recognized_as,general_notes
item-081,,,,,,,,,,,,,,,,,,,,,,,,,,,,,
item-045,,,,,,,,,,,,,,,,,,,,,,,,,,,,,
item-041,,,,,,,,,,,,,,,,,,,,,,,,,,,,,
item-066,,,,,,,,,,,,,,,,,,,,,,,,,,,,,
item-019,,,,,,,,,,,,,,,,,,,,,,,,,,,,,
item-028,,,,,,,,,,,,,,,,,,,,,,,,,,,,,
item-174,,,,,,,,,,,,,,,,,,,,,,,,,,,,,
item-027,,,,,,,,,,,,,,,,,,,,,,,,,,,,,
item-044,,,,,,,,,,,,,,,,,,,,,,,,,,,,,
item-008,,,,,,,,,,,,,,,,,,,,,,,,,,,,,
item-080,,,,,,,,,,,,,,,,,,,,,,,,,,,,,
item-007,,,,,,,,,,,,,,,,,,,,,,,,,,,,,
item-190,,,,,,,,,,,,,,,,,,,,,,,,,,,,,
item-018,,,,,,,,,,,,,,,,,,,,,,,,,,,,,
item-093,,,,,,,,,,,,,,,,,,,,,,,,,,,,,
item-100,,,,,,,,,,,,,,,,,,,,,,,,,,,,,
item-181,,,,,,,,,,,,,,,,,,,,,,,,,,,,,
item-209,,,,,,,,,,,,,,,,,,,,,,,,,,,,,
item-138,,,,,,,,,,,,,,,,,,,,,,,,,,,,,
item-122,,,,,,,,,,,,,,,,,,,,,,,,,,,,,
item-140,,,,,,,,,,,,,,,,,,,,,,,,,,,,,
item-054,,,,,,,,,,,,,,,,,,,,,,,,,,,,,
item-033,,,,,,,,,,,,,,,,,,,,,,,,,,,,,
item-021,,,,,,,,,,,,,,,,,,,,,,,,,,,,,
item-017,,,,,,,,,,,,,,,,,,,,,,,,,,,,,
item-111,,,,,,,,,,,,,,,,,,,,,,,,,,,,,
item-023,,,,,,,,,,,,,,,,,,,,,,,,,,,,,
item-199,,,,,,,,,,,,,,,,,,,,,,,,,,,,,
item-035,,,,,,,,,,,,,,,,,,,,,,,,,,,,,
item-055,,,,,,,,,,,,,,,,,,,,,,,,,,,,,
item-152,,,,,,,,,,,,,,,,,,,,,,,,,,,,,
item-003,,,,,,,,,,,,,,,,,,,,,,,,,,,,,
item-186,,,,,,,,,,,,,,,,,,,,,,,,,,,,,
item-208,,,,,,,,,,,,,,,,,,,,,,,,,,,,,
item-094,,,,,,,,,,,,,,,,,,,,,,,,,,,,,
item-126,,,,,,,,,,,,,,,,,,,,,,,,,,,,,
item-125,,,,,,,,,,,,,,,,,,,,,,,,,,,,,
item-084,,,,,,,,,,,,,,,,,,,,,,,,,,,,,
item-195,,,,,,,,,,,,,,,,,,,,,,,,,,,,,
item-180,,,,,,,,,,,,,,,,,,,,,,,,,,,,,
item-074,,,,,,,,,,,,,,,,,,,,,,,,,,,,,
item-203,,,,,,,,,,,,,,,,,,,,,,,,,,,,,
item-040,,,,,,,,,,,,,,,,,,,,,,,,,,,,,
item-042,,,,,,,,,,,,,,,,,,,,,,,,,,,,,
item-176,,,,,,,,,,,,,,,,,,,,,,,,,,,,,
item-154,,,,,,,,,,,,,,,,,,,,,,,,,,,,,
item-036,,,,,,,,,,,,,,,,,,,,,,,,,,,,,
item-072,,,,,,,,,,,,,,,,,,,,,,,,,,,,,
item-002,,,,,,,,,,,,,,,,,,,,,,,,,,,,,
item-110,,,,,,,,,,,,,,,,,,,,,,,,,,,,,
item-127,,,,,,,,,,,,,,,,,,,,,,,,,,,,,
item-050,,,,,,,,,,,,,,,,,,,,,,,,,,,,,
item-088,,,,,,,,,,,,,,,,,,,,,,,,,,,,,
item-038,,,,,,,,,,,,,,,,,,,,,,,,,,,,,
item-119,,,,,,,,,,,,,,,,,,,,,,,,,,,,,
item-014,,,,,,,,,,,,,,,,,,,,,,,,,,,,,
item-164,,,,,,,,,,,,,,,,,,,,,,,,,,,,,
item-131,,,,,,,,,,,,,,,,,,,,,,,,,,,,,
item-065,,,,,,,,,,,,,,,,,,,,,,,,,,,,,
item-151,,,,,,,,,,,,,,,,,,,,,,,,,,,,,
item-024,,,,,,,,,,,,,,,,,,,,,,,,,,,,,
item-049,,,,,,,,,,,,,,,,,,,,,,,,,,,,,
item-205,,,,,,,,,,,,,,,,,,,,,,,,,,,,,
item-006,,,,,,,,,,,,,,,,,,,,,,,,,,,,,
item-136,,,,,,,,,,,,,,,,,,,,,,,,,,,,,
item-196,,,,,,,,,,,,,,,,,,,,,,,,,,,,,
item-047,,,,,,,,,,,,,,,,,,,,,,,,,,,,,
item-015,,,,,,,,,,,,,,,,,,,,,,,,,,,,,
item-193,,,,,,,,,,,,,,,,,,,,,,,,,,,,,
item-020,,,,,,,,,,,,,,,,,,,,,,,,,,,,,
item-032,,,,,,,,,,,,,,,,,,,,,,,,,,,,,
item-120,,,,,,,,,,,,,,,,,,,,,,,,,,,,,
item-177,,,,,,,,,,,,,,,,,,,,,,,,,,,,,
item-189,,,,,,,,,,,,,,,,,,,,,,,,,,,,,
item-165,,,,,,,,,,,,,,,,,,,,,,,,,,,,,
item-112,,,,,,,,,,,,,,,,,,,,,,,,,,,,,
item-157,,,,,,,,,,,,,,,,,,,,,,,,,,,,,
item-063,,,,,,,,,,,,,,,,,,,,,,,,,,,,,
item-077,,,,,,,,,,,,,,,,,,,,,,,,,,,,,
item-079,,,,,,,,,,,,,,,,,,,,,,,,,,,,,
